Email, Password, ReferralCode, MobileNumber, UserName, Status
test1239@yopmail.com, Arjun@123,0AE4UZJL7W,1015101543,Test User,TRUE
test1240@yopmail.com, Arjun@123,0AE4UZJL7W,1015101544,Test User,TRUE
test1241@yopmail.com, Arjun@123,0AE4UZJL7W,1015101545,Test User,TRUE
test1242@yopmail.com, Arjun@123,0AE4UZJL7W,1015101546,Test User,TRUE
test1243@yopmail.com, Arjun@123,0AE4UZJL7W,1015101547,Test User,TRUE
test1244@yopmail.com, Arjun@123,0AE4UZJL7W,1015101548,Test User,TRUE
test1245@yopmail.com, Arjun@123,0AE4UZJL7W,1015101549,Test User,TRUE
test1246@yopmail.com, Arjun@123,0AE4UZJL7W,1015101550,Test User,TRUE
test1247@yopmail.com, Arjun@123,0AE4UZJL7W,1015101551,Test User,TRUE
test1248@yopmail.com, Arjun@123,0AE4UZJL7W,1015101552,Test User,TRUE
, Arjun@123,0AE4UZJL7W,1015101553,Test User,TRUE
, Arjun@123,0AE4UZJL7W,1015101554,Test User,TRUE
, Arjun@123,0AE4UZJL7W,1015101555,Test User,TRUE
, Arjun@123,0AE4UZJL7W,1015101556,Test User,TRUE
, Arjun@123,0AE4UZJL7W,1015101557,Test User,TRUE
, Arjun@123,0AE4UZJL7W,1015101558,Test User,TRUE
, Arjun@123,0AE4UZJL7W,1015101559,Test User,TRUE
, Arjun@123,0AE4UZJL7W,1015101560,Test User,TRUE
, Arjun@123,0AE4UZJL7W,1015101561,Test User,TRUE
, Arjun@123,0AE4UZJL7W,1015101562,Test User,TRUE
, Arjun@123,0AE4UZJL7W,1015101563,Test User,TRUE
, Arjun@123,0AE4UZJL7W,1015101564,Test User,TRUE
, Arjun@123,0AE4UZJL7W,1015101565,Test User,TRUE
, Arjun@123,0AE4UZJL7W,1015101566,Test User,TRUE
, Arjun@123,0AE4UZJL7W,1015101567,Test User,TRUE
, Arjun@123,0AE4UZJL7W,1015101568,Test User,TRUE
, Arjun@123,0AE4UZJL7W,1015101569,Test User,TRUE
, Arjun@123,0AE4UZJL7W,1015101570,Test User,TRUE
, Arjun@123,0AE4UZJL7W,1015101571,Test User,TRUE
, Arjun@123,0AE4UZJL7W,1015101572,Test User,TRUE
, Arjun@123,0AE4UZJL7W,1015101573,Test User,TRUE
, Arjun@123,0AE4UZJL7W,1015101574,Test User,TRUE
, Arjun@123,0AE4UZJL7W,1015101575,Test User,TRUE
, Arjun@123,0AE4UZJL7W,1015101576,Test User,TRUE
, Arjun@123,0AE4UZJL7W,1015101577,Test User,TRUE
, Arjun@123,0AE4UZJL7W,1015101578,Test User,TRUE
, Arjun@123,0AE4UZJL7W,1015101579,Test User,TRUE
, Arjun@123,0AE4UZJL7W,1015101580,Test User,TRUE
, Arjun@123,0AE4UZJL7W,1015101581,Test User,TRUE
, Arjun@123,0AE4UZJL7W,1015101582,Test User,TRUE
, Arjun@123,0AE4UZJL7W,1015101583,Test User,TRUE
, Arjun@123,0AE4UZJL7W,1015101584,Test User,TRUE
, Arjun@123,0AE4UZJL7W,1015101585,Test User,TRUE
, Arjun@123,0AE4UZJL7W,1015101586,Test User,TRUE
, Arjun@123,0AE4UZJL7W,1015101587,Test User,TRUE
, Arjun@123,0AE4UZJL7W,1015101588,Test User,TRUE
, Arjun@123,0AE4UZJL7W,1015101589,Test User,TRUE
, Arjun@123,0AE4UZJL7W,1015101590,Test User,TRUE
, Arjun@123,0AE4UZJL7W,1015101591,Test User,TRUE
, Arjun@123,0AE4UZJL7W,1015101592,Test User,TRUE
, Arjun@123,0AE4UZJL7W,1015101593,Test User,TRUE
, Arjun@123,0AE4UZJL7W,1015101594,Test User,TRUE
, Arjun@123,0AE4UZJL7W,1015101595,Test User,TRUE
, Arjun@123,0AE4UZJL7W,1015101596,Test User,TRUE
, Arjun@123,0AE4UZJL7W,1015101597,Test User,TRUE
, Arjun@123,0AE4UZJL7W,1015101598,Test User,TRUE
, Arjun@123,0AE4UZJL7W,1015101599,Test User,TRUE
, Arjun@123,0AE4UZJL7W,1015101600,Test User,TRUE
, Arjun@123,0AE4UZJL7W,1015101601,Test User,TRUE
, Arjun@123,0AE4UZJL7W,1015101602,Test User,TRUE
, Arjun@123,0AE4UZJL7W,1015101603,Test User,TRUE
, Arjun@123,0AE4UZJL7W,1015101604,Test User,TRUE
, Arjun@123,0AE4UZJL7W,1015101605,Test User,TRUE
, Arjun@123,0AE4UZJL7W,1015101606,Test User,TRUE
, Arjun@123,0AE4UZJL7W,1015101607,Test User,TRUE
, Arjun@123,0AE4UZJL7W,1015101608,Test User,TRUE
, Arjun@123,0AE4UZJL7W,1015101609,Test User,TRUE
, Arjun@123,0AE4UZJL7W,1015101610,Test User,TRUE
, Arjun@123,0AE4UZJL7W,1015101611,Test User,TRUE
, Arjun@123,0AE4UZJL7W,1015101612,Test User,TRUE
, Arjun@123,0AE4UZJL7W,1015101613,Test User,TRUE
, Arjun@123,0AE4UZJL7W,1015101614,Test User,TRUE
, Arjun@123,0AE4UZJL7W,1015101615,Test User,TRUE
, Arjun@123,0AE4UZJL7W,1015101616,Test User,TRUE
, Arjun@123,0AE4UZJL7W,1015101617,Test User,TRUE
, Arjun@123,0AE4UZJL7W,1015101618,Test User,TRUE
, Arjun@123,0AE4UZJL7W,1015101619,Test User,TRUE
, Arjun@123,0AE4UZJL7W,1015101620,Test User,TRUE
, Arjun@123,0AE4UZJL7W,1015101621,Test User,TRUE
, Arjun@123,0AE4UZJL7W,1015101622,Test User,TRUE
, Arjun@123,0AE4UZJL7W,1015101623,Test User,TRUE
, Arjun@123,0AE4UZJL7W,1015101624,Test User,TRUE
, Arjun@123,0AE4UZJL7W,1015101625,Test User,TRUE
, Arjun@123,0AE4UZJL7W,1015101626,Test User,TRUE
, Arjun@123,0AE4UZJL7W,1015101627,Test User,TRUE
, Arjun@123,0AE4UZJL7W,1015101628,Test User,TRUE
, Arjun@123,0AE4UZJL7W,1015101629,Test User,TRUE
, Arjun@123,0AE4UZJL7W,1015101630,Test User,TRUE
, Arjun@123,0AE4UZJL7W,1015101631,Test User,TRUE
, Arjun@123,0AE4UZJL7W,1015101632,Test User,TRUE
, Arjun@123,0AE4UZJL7W,1015101633,Test User,TRUE
, Arjun@123,0AE4UZJL7W,1015101634,Test User,TRUE
, Arjun@123,0AE4UZJL7W,1015101635,Test User,TRUE
, Arjun@123,0AE4UZJL7W,1015101636,Test User,TRUE
, Arjun@123,0AE4UZJL7W,1015101637,Test User,TRUE
, Arjun@123,0AE4UZJL7W,1015101638,Test User,TRUE
, Arjun@123,0AE4UZJL7W,1015101639,Test User,TRUE
, Arjun@123,0AE4UZJL7W,1015101640,Test User,TRUE
, Arjun@123,0AE4UZJL7W,1015101641,Test User,TRUE
, Arjun@123,0AE4UZJL7W,1015101642,Test User,TRUE
, Arjun@123,0AE4UZJL7W,1015101643,Test User,TRUE
, Arjun@123,0AE4UZJL7W,1015101644,Test User,TRUE
, Arjun@123,0AE4UZJL7W,1015101645,Test User,TRUE
, Arjun@123,0AE4UZJL7W,1015101646,Test User,TRUE
, Arjun@123,0AE4UZJL7W,1015101647,Test User,TRUE
, Arjun@123,0AE4UZJL7W,1015101648,Test User,TRUE
, Arjun@123,0AE4UZJL7W,1015101649,Test User,TRUE
, Arjun@123,0AE4UZJL7W,1015101650,Test User,TRUE
, Arjun@123,0AE4UZJL7W,1015101651,Test User,TRUE
, Arjun@123,0AE4UZJL7W,1015101652,Test User,TRUE
, Arjun@123,0AE4UZJL7W,1015101653,Test User,TRUE
, Arjun@123,0AE4UZJL7W,1015101654,Test User,TRUE
, Arjun@123,0AE4UZJL7W,1015101655,Test User,TRUE
, Arjun@123,0AE4UZJL7W,1015101656,Test User,TRUE
